,0,1,2,3
0,0.2409384846687317,0.015244580805301666,0.7438169717788696,2.0
1,0.048639971762895584,0.06518729776144028,0.8861727714538574,2.0
2,0.024864349514245987,0.975078284740448,5.733500438509509e-05,0.0
3,0.8510953783988953,0.14890195429325104,2.617720383568667e-06,0.0
4,0.9774916172027588,0.02250838279724121,7.51724460457126e-10,0.0
5,1.0,1.4246190893629773e-08,1.3018035260881078e-10,0.0
6,1.0,5.339502706647181e-08,4.5689785288516305e-10,0.0
7,1.0,1.2365837243066835e-08,1.6860533802454114e-11,0.0
8,0.9999604225158691,3.9617312722839415e-05,7.121845335689159e-09,0.0
9,1.0,1.1165860597239785e-10,2.1453596277948295e-12,0.0
10,0.9999998807907104,1.4655785207651206e-07,4.774768358473125e-10,0.0
11,0.9999839067459106,1.5878349586273544e-05,2.9541905632868293e-07,0.0
12,0.9885927438735962,0.011406798847019672,4.3071634081570664e-07,0.0
13,0.7573426961898804,0.24265724420547485,3.761611111485763e-08,0.0
14,0.02646239660680294,0.9735375642776489,1.883606515207248e-08,0.0
15,0.9995384216308594,0.0004612030170392245,3.5000465459233965e-07,0.0
16,0.975548267364502,0.024446433410048485,5.247694844001671e-06,0.0
17,0.9999991655349731,8.36078015709063e-07,1.088236237234419e-10,0.0
18,0.9999943971633911,5.376826266001444e-06,2.4056484448919946e-07,0.0
19,1.0,4.372784800921181e-09,3.648838869940718e-11,0.0
20,0.9999997615814209,1.9377633009298734e-07,1.582762254592751e-10,0.0
21,4.266023825039156e-05,0.9999573230743408,3.223791011919275e-08,1.0
22,9.256469638785347e-06,0.999990701675415,6.635782145991698e-09,0.0
23,0.010180698707699776,0.9898179173469543,1.3324827250471571e-06,0.0
24,0.0002585611946415156,0.9997383952140808,3.0830628929834347e-06,0.0
25,4.543946488411166e-06,0.9999954700469971,1.6219994791732972e-10,0.0
26,2.6022613042187004e-07,0.9999997615814209,5.694367755104679e-10,0.0
27,5.1054612413281575e-05,0.9999489784240723,5.27919752357775e-09,0.0
28,0.3914801776409149,0.608519434928894,3.535222674599936e-07,0.0
29,0.00014522488345392048,0.9998548030853271,2.713668623144372e-09,0.0
30,7.991229358594865e-05,0.9999160766601562,4.050439656566596e-06,0.0
31,0.9396354556083679,0.0603640042245388,5.711963240173645e-07,0.0
32,0.0014583386946469545,0.9985382556915283,3.359854645168525e-06,0.0
33,5.712477650376968e-05,0.999942421913147,4.02911553010199e-07,1.0
34,2.448951974542979e-08,1.0,2.9863005401864484e-09,0.0
35,5.807482375530526e-05,0.9999409914016724,8.927367503019923e-07,0.0
36,0.005171879194676876,0.9948274493217468,6.82040251831495e-07,0.0
37,0.0006836081738583744,0.9993163347244263,5.0932051465224504e-08,0.0
38,0.9999936819076538,6.3125999076873995e-06,2.561053591421114e-09,1.0
39,0.061656009405851364,0.9383432865142822,7.39494623758219e-07,1.0
40,0.9948281645774841,0.005171081516891718,7.044027370284311e-07,1.0
41,0.9998761415481567,0.0001238544355146587,2.5223084065828516e-08,0.0
42,0.028469404205679893,0.9715297818183899,8.502317427883099e-07,1.0
43,5.4454561905004084e-05,0.9999455213546753,7.974301041713261e-08,1.0
44,0.9811362624168396,0.015397786162793636,0.0034660070668905973,0.0
45,0.000352036819094792,0.9990770816802979,0.0005708408425562084,0.0
46,2.4334069166798145e-05,0.9999754428863525,1.955373676310046e-07,0.0
47,0.24110932648181915,0.7588288187980652,6.183629739098251e-05,1.0
48,0.0006717021460644901,0.999327540397644,7.432144570884702e-07,0.0
49,0.0006937201251275837,0.9991719722747803,0.00013429205864667892,1.0
50,0.00011071185144828632,0.9998703002929688,1.8922475646832027e-05,1.0
51,0.00018402755085844547,0.999599277973175,0.0002166743652196601,0.0
52,0.0010982876410707831,0.9988837838172913,1.7955992007046007e-05,1.0
53,3.0142728064674884e-05,0.999969482421875,3.3443131997046294e-07,1.0
54,1.966859053936787e-05,0.9999802112579346,1.3324853398444247e-07,1.0
55,0.7308618426322937,0.26912379264831543,1.433513989468338e-05,1.0
56,0.04009712487459183,0.9598750472068787,2.7805841455119662e-05,0.0
57,0.00012082329340046272,0.9997250437736511,0.00015408503531944007,0.0
58,0.3760465979576111,0.6239513754844666,2.074975782306865e-06,1.0
59,0.006842987146228552,0.9922951459884644,0.0008619116269983351,1.0
60,0.9999984502792358,5.614437554868346e-07,1.0122037110704696e-06,0.0
61,1.0,1.8182590849624702e-11,4.757396698806815e-10,0.0
62,0.8219506740570068,0.15603256225585938,0.022016890347003937,0.0
63,0.9998971223831177,2.612569551274646e-05,7.673849904676899e-05,0.0
64,1.0,1.4847220675129336e-11,6.706186994609453e-11,0.0
65,0.9998886585235596,7.648147584404796e-05,3.4841024898923934e-05,0.0
66,0.9999898672103882,2.7244769995604656e-08,1.0141357961401809e-05,0.0
67,0.9999997615814209,2.2585435033306567e-07,1.686749295792822e-09,1.0
68,0.8565331101417542,0.06541707366704941,0.07804971933364868,0.0
69,0.0014621007721871138,0.9985373020172119,5.69358007851406e-07,0.0
70,0.5680091977119446,0.43199068307876587,1.68918703025156e-07,0.0
71,0.9999223947525024,7.711201760685071e-05,5.257097654975951e-07,0.0
72,0.9840949177742004,0.015774637460708618,0.00013040335034020245,0.0
73,0.9747331142425537,0.025026485323905945,0.00024036529066506773,1.0
74,0.9841931462287903,0.01579139195382595,1.5505924238823354e-05,0.0
75,0.9999994039535522,5.880851290385181e-07,1.4989506524898388e-08,0.0
76,0.013869493268430233,0.7900060415267944,0.19612447917461395,0.0
77,0.9999736547470093,2.6386413082946092e-05,3.928340763792448e-09,1.0
78,0.9999997615814209,2.5917825041688047e-07,1.016374651108265e-09,0.0
79,0.9887471795082092,0.011251406744122505,1.376461000290874e-06,0.0
80,1.0,2.9751572316882857e-09,7.763626547196978e-12,0.0
81,0.9797153472900391,0.004965755622833967,0.015318874269723892,0.0
82,0.02194361947476864,0.9315553903579712,0.04650094360113144,0.0
83,0.0208030603826046,0.9791959524154663,1.0596912716209772e-06,0.0
84,0.886605978012085,0.11338378489017487,1.0241813470202032e-05,0.0
85,0.7979698777198792,0.1951671689748764,0.006862928159534931,0.0
86,0.000303245906252414,0.9937074780464172,0.005989245604723692,0.0
87,1.0,1.531700877244191e-10,1.889328693494008e-10,0.0
88,0.9986175298690796,0.0013649513712152839,1.7513808415969834e-05,0.0
89,0.9542295336723328,5.441723960331046e-09,0.04577050730586052,0.0
90,0.9999901056289673,4.204998731438536e-06,5.743441761296708e-06,0.0
91,0.9999992847442627,1.54158669829485e-07,5.813544703414664e-07,0.0
92,1.0,2.577702939987603e-09,2.5872253672787338e-08,0.0
93,0.9874747395515442,0.012425619177520275,9.953790140571073e-05,0.0
94,0.9999724626541138,2.168440551031381e-05,5.815909389639273e-06,0.0
95,0.9999946355819702,4.6979398575786036e-06,7.601971674375818e-07,0.0
96,0.9998511075973511,0.0001488552225055173,3.7778025152590544e-09,0.0
97,0.9999592304229736,4.074866956216283e-05,1.2980413965912874e-10,0.0
98,1.0,2.0877870099411666e-08,8.717145928704984e-13,0.0
99,0.9996650218963623,0.00033499093842692673,1.5160018795867813e-09,0.0
100,0.006097579840570688,0.9939024448394775,3.3698842827334374e-08,1.0
101,0.9999816417694092,1.8416318198433146e-05,8.053940153684991e-11,0.0
102,0.9997493624687195,0.0002506387245375663,5.277356329713712e-10,0.0
103,1.7162999199626938e-07,0.9999997615814209,6.7258582703289e-08,0.0
104,0.025175044313073158,0.9748250246047974,2.485453398648474e-09,0.0
105,2.033460475558968e-07,0.9999953508377075,4.404668288771063e-06,0.0
106,0.9932622313499451,0.006737821735441685,1.0596799882023333e-08,0.0
107,0.6233269572257996,0.37667301297187805,7.119840716995895e-08,0.0
108,0.9999998807907104,6.528283336137974e-08,3.894291573242059e-12,0.0
109,0.9434854984283447,0.05651451647281647,4.409109166658709e-08,1.0
110,0.8656373023986816,0.13436266779899597,2.1276450823393134e-08,2.0
111,0.5536264777183533,0.4463735818862915,1.8254821654295483e-08,0.0
112,0.00029314326820895076,0.9997068047523499,3.436840501080951e-08,0.0
113,0.9999998807907104,9.181086113585479e-08,8.199631945648989e-12,0.0
114,0.0004990542074665427,0.9995009899139404,7.653706002308525e-10,1.0
115,0.0001835101720644161,0.9998164772987366,1.390532567563385e-11,1.0
116,0.000631817034445703,0.9993682503700256,2.949204214175438e-10,0.0
117,0.9851301908493042,0.014869865030050278,7.270015700555632e-10,0.0
118,1.0,5.921057394386864e-11,4.858489912468178e-13,0.0
119,0.5476704239845276,0.4523277282714844,1.8258410818816628e-06,0.0
120,0.9997640252113342,0.00023597128165420145,2.6651556517265362e-09,0.0
121,0.9981005787849426,0.0018994894344359636,1.3901512829761487e-08,0.0
122,0.9999551773071289,4.486946272663772e-05,9.098646280847333e-10,0.0
123,0.0005604884936474264,0.999439537525177,1.5215144699709526e-08,0.0
124,0.9999977350234985,2.293212219228735e-06,2.5910626075265064e-11,0.0
125,0.32318440079689026,0.6768146753311157,9.65316417023132e-07,1.0
126,0.06290897727012634,0.9370909929275513,2.4087157157737238e-08,1.0
127,0.8404416441917419,0.157692089676857,0.0018661675276234746,0.0
128,0.0062351166270673275,0.9937648773193359,4.303140066497235e-10,1.0
129,0.9927594661712646,0.007240536157041788,2.2271002819707064e-09,1.0
130,0.003119679866358638,0.9968358874320984,4.44156612502411e-05,1.0
131,0.00032683496829122305,0.9996731281280518,1.105574520821051e-09,1.0
132,1.3730148566537537e-05,0.9999862909317017,9.065946326991536e-10,1.0
133,0.025154193863272667,0.974845826625824,3.1390217092308603e-09,1.0
134,0.9998677968978882,0.00013215786020737141,1.2274974370285463e-09,1.0
135,0.9914271831512451,0.008572790771722794,2.90083268517094e-09,1.0
136,0.9999991655349731,8.133089863804344e-07,9.042675636061759e-11,0.0
137,0.9999998807907104,1.4292994876541343e-07,1.906587908384605e-11,0.0
138,0.0024141769390553236,0.9975857734680176,1.642151303826722e-08,1.0
139,0.9999996423721313,4.1607219714023813e-07,2.795750783657347e-11,1.0
140,0.36615535616874695,0.6338446140289307,3.339150955739001e-09,0.0
141,0.27273881435394287,0.7272611856460571,1.686786710308752e-08,0.0
142,0.02745554782450199,0.9725444316864014,1.3232401285812045e-10,0.0
143,0.0005401251255534589,0.9994599223136902,7.798210410747686e-10,0.0
144,0.00029613127117045224,0.9997038245201111,2.7303892480290415e-10,0.0
145,0.9999704360961914,2.9574657673947513e-05,9.357972174939277e-10,0.0
146,0.006743130274116993,0.9927335977554321,0.0005232074181549251,1.0
147,0.005365318153053522,0.9939906597137451,0.0006440984434448183,0.0
148,6.480191950686276e-05,0.9999314546585083,3.7561005683528492e-06,1.0
149,0.0005460568354465067,0.9992557168006897,0.00019823054026346654,1.0
150,0.00021003137226216495,0.9995532631874084,0.00023673652322031558,0.0
151,0.00014782766811549664,0.9990491271018982,0.0008030046010389924,0.0
152,0.976292073726654,0.010952147655189037,0.012755848467350006,0.0
153,0.0647197961807251,0.9328939914703369,0.002386158099398017,1.0
154,0.0007857064483687282,0.9980100989341736,0.0012042047455906868,0.0
155,3.5881482745026005e-06,0.9999960660934448,3.7705652289332647e-07,0.0
156,0.00106569635681808,0.9987189769744873,0.0002154056419385597,1.0
157,0.001636549481190741,0.9979866743087769,0.00037681061076000333,1.0
158,0.049552761018276215,0.9442868232727051,0.006160368677228689,1.0
159,0.1712792068719864,0.7676972150802612,0.06102360785007477,0.0
160,4.504062599153258e-05,0.9998973608016968,5.75747799302917e-05,1.0
161,0.00024122075410559773,0.99967360496521,8.520963456248865e-05,0.0
162,7.98829546511115e-07,0.9999971389770508,2.0738566490763333e-06,1.0
163,1.4281064295573742e-06,0.9999977350234985,8.728482612241351e-07,1.0
164,0.007286457344889641,0.9927014112472534,1.2058634638378862e-05,1.0
165,0.22034546732902527,0.7796378135681152,1.667993092269171e-05,1.0
166,0.9997683167457581,0.00023127227905206382,3.7125477092558867e-07,1.0
167,0.40207424759864807,0.5976212024688721,0.00030453281942754984,1.0
168,0.001641827984713018,0.9848723411560059,0.013485804200172424,1.0
169,0.9452885985374451,0.054708581417798996,2.833406597346766e-06,1.0
170,0.003674232866615057,0.9962596893310547,6.606946408282965e-05,1.0
171,0.00029097142396494746,0.9981124401092529,0.001596627989783883,1.0
172,0.0001756753190420568,0.9982833862304688,0.0015409140614792705,1.0
173,0.9999982118606567,5.079806442154222e-07,1.2953011037097895e-06,1.0
174,0.0008486203150823712,0.9991266131401062,2.4814667995087802e-05,1.0
175,0.6253873109817505,0.3743981122970581,0.00021453553927130997,1.0
176,0.9999243021011353,7.567284046672285e-05,2.444846280980073e-08,1.0
177,0.05427395924925804,0.9457122087478638,1.3890537957195193e-05,0.0
178,0.00011182479647686705,0.999422550201416,0.0004657036333810538,1.0
179,0.2133851945400238,0.7821551561355591,0.004459642339497805,1.0
180,0.9999953508377075,4.615520083461888e-06,1.4164624140278192e-08,1.0
181,0.00023341699852608144,0.752267062664032,0.2474995255470276,1.0
182,0.0096586924046278,0.9829643368721008,0.007376901805400848,1.0
183,2.4592463887529448e-05,0.9999599456787109,1.5504298062296584e-05,1.0
184,0.9765779376029968,0.023419782519340515,2.327662514289841e-06,0.0
185,0.9999605417251587,3.942881812690757e-05,5.041307926667571e-10,0.0
186,1.0,3.692271022259774e-08,2.3232036086562324e-11,0.0
187,1.0,1.3329738202116914e-08,1.2141505856266832e-10,0.0
188,0.9997624754905701,0.00023677386343479156,7.548170515292441e-07,0.0
189,0.9999990463256836,8.95259461231035e-07,5.477477152404653e-11,0.0
190,0.7941305041313171,0.20586949586868286,5.665832247814251e-09,1.0
191,0.9999991655349731,8.219007554544078e-07,1.054099585395818e-09,0.0
192,0.9995922446250916,0.00040782091673463583,6.523939166669379e-09,0.0
193,0.6739243865013123,0.3260755240917206,9.911899212511344e-08,0.0
194,5.285514248498657e-07,0.9999994039535522,8.074088064802254e-09,1.0
195,0.9998395442962646,0.0001604562858119607,4.232788697322576e-08,0.0
196,0.9997702240943909,0.00022972475562710315,6.751063597043583e-10,1.0
197,0.998076319694519,0.001923654112033546,3.0259354133477245e-08,1.0
198,0.9999876022338867,1.2402893844409846e-05,3.3878175265122934e-10,1.0
199,0.9665601253509521,0.03343983739614487,5.2603525091399206e-08,1.0
200,0.9999940395355225,6.005217983329203e-06,3.3418379175031987e-09,1.0
201,0.9991758465766907,0.0008241159957833588,5.955125836898389e-10,1.0
202,0.9999961853027344,3.854906935885083e-06,4.3405165572885096e-10,1.0
203,0.9996657371520996,0.00033424925641156733,1.4448216845153183e-08,0.0
204,0.9999819993972778,1.802276892703958e-05,1.8425404535449275e-09,0.0
205,0.2003808319568634,0.799619197845459,2.8723087908133493e-08,0.0
206,0.9999955892562866,4.412266207509674e-06,6.616136527526351e-09,1.0
207,0.8493871688842773,0.14676815271377563,0.0038446008693426847,0.0
208,0.2487303912639618,0.7511405348777771,0.0001290730870096013,1.0
209,1.0,1.2564715490270828e-08,2.058670567350873e-09,1.0
210,0.8645746111869812,0.13301581144332886,0.002409560140222311,1.0
211,0.9998559951782227,0.0001365922944387421,7.402384653687477e-06,0.0
212,0.9989203214645386,5.498508835444227e-05,0.0010246549500152469,1.0
213,0.9915480017662048,0.004808749537914991,0.0036432351917028427,1.0
214,0.9999089241027832,9.874524948827457e-06,8.118896948872134e-05,1.0
215,0.9999428987503052,7.1742483669368085e-06,4.997251744498499e-05,1.0
216,0.9809407591819763,0.004073265939950943,0.014985929243266582,1.0
217,0.9856926202774048,0.011745482683181763,0.002561946865171194,1.0
218,0.9714350700378418,0.012289520353078842,0.016275480389595032,1.0
219,0.00037651683669537306,0.00020702838082797825,0.9994164705276489,1.0
220,0.9379534125328064,0.03983134403824806,0.02221515402197838,1.0
221,0.9570469856262207,0.04272422194480896,0.00022877581068314612,1.0
222,0.9999998807907104,1.4495597611130506e-07,1.4992544095093763e-08,1.0
223,0.3433160185813904,0.46281197667121887,0.19387206435203552,1.0
224,0.9999997615814209,7.380066335826996e-08,1.1942016442390013e-07,1.0
225,0.0004802806652151048,0.03833245486021042,0.9611872434616089,0.0
226,0.026233144104480743,0.9539434909820557,0.019823366776108742,0.0
227,0.0048244004137814045,0.9168969988822937,0.07827860862016678,0.0
228,0.9489492774009705,0.03838656470179558,0.012664142064750195,0.0
229,0.9319424629211426,1.4376403669302817e-05,0.06804315745830536,0.0
230,0.9761836528778076,2.296724051120691e-05,0.023793434724211693,0.0
231,0.8158498406410217,0.0008164930623024702,0.18333372473716736,0.0
232,3.401379217393696e-05,1.8264815935253864e-06,0.9999642372131348,0.0
233,0.5715973377227783,0.000480506889289245,0.4279221296310425,0.0
234,0.9235085844993591,0.0719224065542221,0.004569001030176878,0.0
235,0.9205289483070374,0.07833540439605713,0.001135675236582756,0.0
236,0.018247902393341064,0.944275438785553,0.03747664391994476,0.0
237,0.0026198457926511765,0.006130831781774759,0.9912493228912354,0.0
238,0.5265702605247498,0.007694498635828495,0.4657352566719055,2.0
239,7.026350431260653e-06,0.000737847585696727,0.9992551207542419,2.0
240,4.4773926788366225e-07,3.357509740453679e-06,0.9999961853027344,2.0
241,0.17924381792545319,0.7444960474967957,0.07626016438007355,2.0
242,1.687435613462185e-08,5.947845693299314e-06,0.9999940395355225,2.0
243,0.9521093368530273,0.014552281238138676,0.033338312059640884,2.0
244,0.8721777200698853,0.11510758846998215,0.012714683078229427,2.0
245,0.999915361404419,6.694463809253648e-05,1.7689742890070193e-05,0.0
246,0.0206561591476202,0.9786182641983032,0.000725628575310111,2.0
247,0.04915594309568405,0.950818657875061,2.5394107069587335e-05,2.0
248,0.1373562067747116,0.014020048081874847,0.8486236929893494,2.0
249,0.9999992847442627,4.105229152173706e-07,2.998984314217523e-07,2.0
250,0.9998175501823425,0.00016165214765351266,2.0882118406007066e-05,0.0
251,0.13908492028713226,0.8609147667884827,3.504306960167014e-07,2.0
252,0.12577559053897858,0.8091488480567932,0.06507555395364761,1.0
253,0.528926432132721,0.31306400895118713,0.15800952911376953,2.0
254,0.9999984502792358,9.844947044257424e-07,5.708048433916701e-07,0.0
255,0.9720146656036377,0.02364775910973549,0.004337618127465248,2.0
256,0.002952558221295476,0.20147891342639923,0.795568585395813,2.0
257,0.9999043941497803,4.2977401193411424e-08,9.55852956394665e-05,2.0
258,0.1462298482656479,0.8509814739227295,0.002788633806630969,2.0
259,0.9999997615814209,7.769076404429143e-08,1.5263877628513e-07,0.0
260,0.9996695518493652,2.88449996332929e-07,0.0003301834804005921,0.0
261,0.999890923500061,1.651248169309838e-07,0.00010891101555898786,0.0
262,0.9993045330047607,0.0006953041884116828,8.204126800137601e-08,0.0
263,1.0,1.0378640655228644e-11,4.627745235630254e-12,0.0
264,0.999994158744812,3.38125660803712e-09,5.8152477322437335e-06,0.0
265,0.9999998807907104,1.0521691251597076e-07,4.0076958418566733e-10,2.0
266,0.9994277358055115,0.000570103875361383,2.117550366165233e-06,2.0
267,0.9999755620956421,6.197295988386031e-06,1.8210454072686844e-05,0.0
268,0.9999740123748779,1.9467337551759556e-05,6.532779480039608e-06,0.0
269,1.0,2.2507149477490884e-09,2.8434452570280655e-09,0.0
270,0.9976251721382141,0.0008078936953097582,0.0015670107677578926,0.0
271,1.0,3.0512595117215824e-08,7.515740030328288e-09,0.0
272,1.416098882600636e-08,2.4757116989349015e-05,0.9999752044677734,2.0
273,0.0007269691559486091,0.13241048157215118,0.8668625354766846,2.0
274,0.002764638513326645,0.9707178473472595,0.026517506688833237,2.0
275,0.07235090434551239,0.26228538155555725,0.6653636693954468,1.0
276,0.0001837830786826089,0.0027019232511520386,0.9971143007278442,2.0
277,0.002072482369840145,0.000983850914053619,0.9969436526298523,2.0
278,0.9798460602760315,0.002328677801415324,0.01782527193427086,2.0
279,0.9988987445831299,0.0010212571360170841,8.003498805919662e-05,2.0
280,0.996099591255188,1.6561996744712815e-05,0.003883838653564453,2.0
281,0.9940383434295654,0.00595063716173172,1.0989601832989138e-05,2.0
282,0.9989855885505676,0.0010143258841708302,7.22695006061258e-08,1.0
283,0.6308224201202393,0.3691743314266205,3.227366732971859e-06,1.0
284,0.9826952219009399,0.017274510115385056,3.020692201971542e-05,2.0
285,0.9033000469207764,0.0018135063583031297,0.09488649666309357,2.0
286,0.9807428121566772,0.0102637754753232,0.00899349432438612,2.0
287,1.0,2.310533275817761e-08,3.1211644824225004e-08,2.0
288,3.4042828556124505e-09,2.4381623006775044e-05,0.9999755620956421,2.0
289,0.0021238569170236588,0.16067184507846832,0.8372043371200562,2.0
290,3.8948776648339845e-08,0.017795968800783157,0.9822040796279907,2.0
291,1.2881451461055349e-09,3.277826544945128e-05,0.9999672174453735,2.0
292,6.818557096721634e-08,0.01540867704898119,0.9845912456512451,2.0
293,2.8622581735304742e-11,3.978659606218571e-06,0.9999960660934448,2.0
294,5.8690235164249316e-05,0.9963030815124512,0.00363816786557436,2.0
295,0.09547795355319977,0.9043534398078918,0.00016864169447217137,2.0
296,1.0,1.7259013773696097e-08,1.2517938074996238e-10,0.0
297,0.9999940395355225,5.983728897263063e-06,2.088088146834366e-09,0.0
298,1.0147426110052038e-05,0.9993027448654175,0.000687049119733274,1.0
299,1.0,2.351428496361052e-10,1.56140395751736e-11,2.0
300,0.9995442032814026,0.00044969169539399445,6.133767783467192e-06,1.0
301,0.9999935626983643,5.312441771820886e-06,1.1320165640427149e-06,0.0
302,0.027214689180254936,0.9727755188941956,9.803745342651382e-06,0.0
303,0.9999693632125854,3.053229011129588e-05,6.13298851703803e-08,2.0
304,0.9999606609344482,3.935091444873251e-05,6.211951397716575e-09,0.0
305,1.0,8.43125236293929e-10,8.741692265890055e-12,0.0
306,0.9435326457023621,0.05646716430783272,1.7610726388284093e-07,2.0
307,0.9999910593032837,8.953133146860637e-06,6.009834296882843e-10,0.0
308,0.9999852180480957,1.4776319403608795e-05,4.6909760520463806e-09,0.0
309,0.9998420476913452,0.00015751938917674124,3.6768764744010696e-07,2.0
310,0.6005479097366333,0.38497400283813477,0.014478125609457493,2.0
311,0.9984549283981323,0.0013524206588044763,0.0001927371195051819,1.0
312,0.7631680965423584,0.23622578382492065,0.0006060984451323748,1.0
313,0.058104682713747025,0.9325933456420898,0.009302043356001377,0.0
314,0.00168697745539248,0.9923061728477478,0.006006908603012562,2.0
315,0.915232241153717,0.08188025653362274,0.0028874012641608715,1.0
316,0.9892617464065552,0.010645159520208836,9.322065307060257e-05,0.0
317,0.97393798828125,0.026055218651890755,6.78822925692657e-06,1.0
318,0.00010916267638094723,0.00493284035474062,0.9949581027030945,2.0
319,0.5097360610961914,0.01305401511490345,0.4772099256515503,1.0
320,0.999196469783783,0.000796829757746309,6.633000339206774e-06,2.0
321,0.9999997615814209,5.778219014374031e-10,2.2825571477369522e-07,2.0
322,1.5543111658189446e-05,1.6958188098215032e-07,0.9999843835830688,1.0
323,0.00039202795596793294,9.71786448644707e-07,0.9996070265769958,2.0
324,3.775900037084057e-09,3.9162705434137024e-07,0.9999996423721313,0.0
325,1.4736424525096936e-08,4.548228025669232e-05,0.9999544620513916,0.0
326,2.6420379772851277e-10,5.5411170762909023e-08,1.0,2.0
327,0.9968854784965515,0.002646498614922166,0.0004679868870880455,0.0
328,0.8335757851600647,0.15952156484127045,0.006902615539729595,2.0
329,0.999884843826294,9.383225005876739e-07,0.00011413119500502944,1.0
330,1.1735267868573374e-08,0.11259414255619049,0.8874058723449707,0.0
331,1.1026431820937432e-06,0.9988617897033691,0.0011371792061254382,1.0
332,2.5022526983775606e-07,0.9939033389091492,0.00609634630382061,0.0
333,3.804923835559748e-06,0.010083453729748726,0.9899128079414368,1.0
334,3.949012228332549e-09,0.9988388419151306,0.0011612118687480688,1.0
335,6.170118354020815e-07,0.05759795755147934,0.9424015283584595,1.0
336,0.04311341792345047,0.9568839073181152,2.6926065856969217e-06,1.0
337,0.008999533951282501,0.9909855127334595,1.5006167814135551e-05,1.0
338,0.0739169642329216,0.9172948002815247,0.008788231760263443,1.0
339,0.013427193276584148,0.9862727522850037,0.0003000347933266312,1.0
340,0.0027200239710509777,0.9972694516181946,1.0533198292250745e-05,0.0
341,0.0012245355173945427,0.9978540539741516,0.0009213730227202177,1.0
342,0.8513912558555603,0.14136017858982086,0.00724859768524766,1.0
343,0.23598745465278625,0.7638370394706726,0.00017547409515827894,2.0
344,0.05791472643613815,0.9419771432876587,0.00010806227510329336,2.0
345,0.9995823502540588,0.00023951944604050368,0.00017814144666772336,2.0
346,0.1569085568189621,0.1274450123310089,0.7156464457511902,2.0
347,0.999997615814209,2.42020291807421e-06,2.4020142319614024e-08,0.0
348,0.9999891519546509,1.0572585779300425e-05,2.2560053025699744e-07,2.0
349,0.9999979734420776,1.996564378714538e-06,2.602448923028078e-08,0.0
350,0.9972671270370483,0.002680887933820486,5.1957660616608337e-05,0.0
351,0.9998302459716797,0.00016970983415376395,2.7196229712700415e-09,1.0
352,0.2454925775527954,0.7545069456100464,5.227696533438575e-07,1.0
353,1.0,2.669205301231159e-08,5.515380513410051e-11,0.0
354,0.9999912977218628,8.664205779496115e-06,7.886234776321999e-09,0.0
355,0.9999896287918091,1.0425705113448203e-05,8.015760499802127e-09,1.0
356,0.09164765477180481,0.9078896641731262,0.0004627512826118618,1.0
357,0.9999998807907104,1.1231193752792024e-07,2.0028573244346148e-10,2.0
358,0.9999570846557617,4.283111775293946e-05,6.382794026649208e-08,1.0
359,0.389654278755188,0.610343873500824,1.8530718080000952e-06,1.0
360,0.9997360110282898,0.0002639455196913332,3.593710218297019e-08,0.0
361,0.9998908042907715,0.0001092023157980293,4.298901234989216e-09,2.0
362,0.8030220866203308,0.19695442914962769,2.3428963686455972e-05,1.0
363,4.221644758217735e-06,0.9999536275863647,4.211609484627843e-05,2.0
364,6.769641913706437e-06,0.9997926354408264,0.0002005729911616072,1.0
365,3.761133484658785e-05,0.9999605417251587,1.8011580777965719e-06,2.0
366,0.00024703930830582976,0.9997143149375916,3.863810343318619e-05,2.0
367,2.2677126253256574e-05,0.9999303817749023,4.6951143303886056e-05,1.0
368,4.90185675516841e-06,0.9999498128890991,4.523606185102835e-05,2.0
369,0.00013635458890348673,0.999860405921936,3.266596650064457e-06,1.0
370,0.17433182895183563,0.8205864429473877,0.005081748124212027,0.0
371,0.9725080132484436,0.02733939327299595,0.00015251665899995714,2.0
372,0.002397748874500394,0.9976016879081726,5.653902235280839e-07,2.0
373,0.00040672195609658957,3.3371431982232025e-06,0.9995899796485901,2.0
374,0.402286559343338,0.0020163427107036114,0.5956971049308777,0.0
375,0.0006942107575014234,0.997837245464325,0.0014685164205729961,2.0
376,0.9993799924850464,3.3299977076239884e-05,0.0005866108112968504,0.0
377,0.0006117768934927881,0.0025733725633472204,0.9968149065971375,2.0
378,0.008884484879672527,0.4385595917701721,0.5525559186935425,2.0
379,0.001320512150414288,5.742635948990937e-06,0.9986737966537476,1.0
380,7.08877152533205e-08,2.1823192582814954e-05,0.9999780654907227,2.0
381,9.838949655005536e-10,8.117110539274108e-09,1.0,2.0
382,5.115834483149229e-06,5.757949111284688e-05,0.9999372959136963,2.0
383,4.356051519494031e-09,2.156407390430104e-06,0.9999978542327881,0.0
384,0.20449647307395935,0.04195777699351311,0.7535457015037537,2.0
385,0.3478030860424042,0.4243139922618866,0.22788292169570923,1.0
386,8.638398867333308e-06,0.00025375711265951395,0.9997376799583435,1.0
387,0.9999421834945679,1.3507986295735464e-05,4.4365559006109834e-05,1.0
388,0.9281042218208313,0.07171512395143509,0.00018071783415507525,0.0
389,0.9845806956291199,0.010749214328825474,0.0046700481325387955,0.0
390,0.9999996423721313,9.817772905762467e-08,2.1357085699946765e-07,2.0
391,0.9976128339767456,0.002310478361323476,7.672501669730991e-05,0.0
392,0.8717177510261536,0.001823283964768052,0.12645891308784485,0.0
393,0.9999476671218872,4.224465010338463e-05,1.008862818707712e-05,2.0
394,0.9445415139198303,0.05356143042445183,0.0018970750970765948,0.0
395,0.011172839440405369,0.9888266324996948,4.6881606863280467e-07,0.0
396,0.02349693886935711,0.00015730489394627512,0.9763457179069519,2.0
397,0.9893009066581726,0.008519249968230724,0.002179826842620969,0.0
398,0.9999973773956299,2.6544544198259246e-06,3.928300884581404e-08,0.0
399,0.9968756437301636,0.0005046476144343615,0.0026196232065558434,0.0
400,0.9983183145523071,1.1504020221764222e-05,0.0016702132998034358,2.0
401,0.9999926090240479,3.555536750354804e-06,3.856261173496023e-06,2.0
402,0.999546229839325,0.00045334582682698965,4.0226902342510584e-07,1.0
403,0.982475757598877,0.017328474670648575,0.00019572729070205241,0.0
404,0.9999041557312012,8.90593437361531e-05,6.8131726038700435e-06,1.0
405,0.9999798536300659,1.4299254871730227e-05,5.850989509781357e-06,2.0
406,0.9862185120582581,5.708052412956022e-06,0.01377569418400526,0.0
407,0.00026624518795870245,3.4609289286891e-05,0.9996992349624634,0.0
408,0.9999850988388062,1.3226345799921546e-05,1.655908590691979e-06,2.0
409,0.0027022012509405613,0.11440680176019669,0.8828909993171692,0.0
410,0.9985290765762329,0.0006695043412037194,0.0008014126215130091,2.0
411,1.0,2.370751338298671e-11,7.373833314783251e-12,1.0
412,0.03363395109772682,0.9663573503494263,8.748933396418579e-06,1.0
413,0.8386058807373047,0.0068406774662435055,0.1545533984899521,1.0
414,0.9978756904602051,0.0007495309109799564,0.0013747673947364092,1.0
415,0.9979909658432007,0.0018909130012616515,0.00011817406630143523,0.0
416,0.0001899741037050262,0.9997652173042297,4.4780281314160675e-05,2.0
417,1.0,6.569472743578331e-10,3.946993010206512e-10,1.0
418,1.4114955870780932e-09,2.2474840079667047e-05,0.9999774694442749,2.0
419,0.9362682700157166,0.062994584441185,0.0007370315724983811,0.0
420,5.549571469032344e-08,0.0012974728597328067,0.9987025260925293,0.0
421,5.4030242871991666e-14,3.3179155423113116e-08,1.0,0.0
422,0.6714674830436707,0.328531950712204,5.605029969046882e-07,2.0
423,0.15446920692920685,0.8455305695533752,2.1381150361321488e-07,1.0
424,0.9866486191749573,0.01335136592388153,1.7975982924411937e-09,1.0
425,0.0750780999660492,0.9249219298362732,2.487793304695174e-09,2.0
426,0.017208054661750793,0.9132078886032104,0.06958409398794174,0.0
427,0.9646767377853394,0.0001638108806218952,0.035159479826688766,0.0
428,0.9907483458518982,0.0007604372221976519,0.008491162210702896,0.0
429,0.9998511075973511,0.00012301099195610732,2.5902609195327386e-05,0.0
430,0.9999915361404419,8.41474684420973e-06,1.9351459323857512e-10,1.0
431,0.041652023792266846,0.9583480358123779,1.1065363070272838e-09,1.0
432,0.3172577917575836,0.682616114616394,0.00012610465637408197,1.0
433,0.4103987216949463,0.5871251821517944,0.00247610779479146,1.0
434,0.0006021984736435115,0.999356210231781,4.159354284638539e-05,0.0
435,0.012646554037928581,0.9872562885284424,9.711486200103536e-05,2.0
436,5.239380698185414e-06,0.9999754428863525,1.9267004972789437e-05,1.0
437,0.9733824729919434,0.026606492698192596,1.0998758625646587e-05,1.0
438,0.8766275644302368,0.12328694760799408,8.547660399926826e-05,1.0
439,0.3299587070941925,0.6300821900367737,0.03995911031961441,2.0
440,0.005434087011963129,0.9945080876350403,5.7791465223999694e-05,2.0
441,0.9835952520370483,0.01639391854405403,1.0750536603154615e-05,1.0
442,0.004216978792101145,0.9957500696182251,3.289527739980258e-05,1.0
443,0.7811891436576843,0.21877092123031616,3.9920581912156194e-05,1.0
444,0.03834765404462814,0.9611247181892395,0.0005276883020997047,2.0
445,0.9999247789382935,7.510081195505336e-05,1.5454476454124233e-07,1.0
446,0.9978467226028442,0.0021528946235775948,3.233566872040683e-07,0.0
447,0.07953041046857834,0.9204513430595398,1.825534855015576e-05,1.0
448,0.9999932050704956,6.778553142794408e-06,1.2324923304163349e-08,0.0
449,0.3596953749656677,0.6354016065597534,0.004903023596853018,0.0
450,0.010197361931204796,0.9897710084915161,3.163829387631267e-05,0.0
451,0.9990705847740173,0.0009294974734075367,8.831475106774178e-09,0.0
452,0.18412476778030396,0.8158718347549438,3.4465408589312574e-06,1.0
453,0.4790875017642975,0.5194317698478699,0.0014806929975748062,0.0
454,0.01635727845132351,0.9836401343345642,2.570566948634223e-06,1.0
455,0.9988817572593689,0.0010075886966660619,0.00011056632502004504,1.0
456,0.9958173632621765,0.0041823796927928925,2.48212984388374e-07,1.0
457,0.017136164009571075,0.9809823036193848,0.001881586154922843,1.0
458,2.4063851014943793e-05,0.00822507031261921,0.9917507767677307,0.0
459,7.577216365461936e-08,0.8380671739578247,0.1619327813386917,0.0
460,0.00032608912442810833,0.049838837236166,0.9498350620269775,0.0
461,0.00245665037073195,0.9627601504325867,0.03478318825364113,0.0
462,0.002185892779380083,0.6716984510421753,0.3261156678199768,0.0
463,0.0005191589007154107,0.056322358548641205,0.9431585669517517,0.0
464,0.9981995820999146,0.0017983567668125033,2.0465574834815925e-06,0.0
465,7.556587661383674e-05,0.9998193383216858,0.0001051244544214569,0.0
466,0.0012168425600975752,0.9986577033996582,0.00012540303578134626,0.0
467,0.017641758546233177,0.9762822985649109,0.006075955927371979,0.0
468,0.05884592980146408,0.941122829914093,3.124456270597875e-05,2.0
469,1.960963345482014e-06,0.9999979734420776,3.4345642774269436e-08,0.0
470,0.00991151761263609,0.129873588681221,0.86021488904953,1.0
471,0.0032492976170033216,0.9927142262458801,0.0040364498272538185,0.0
472,0.9326155185699463,0.06737706065177917,7.42206430004444e-06,0.0
473,0.9999860525131226,1.0730916983447969e-05,3.2088198622659547e-06,0.0
474,0.20064766705036163,0.0017221441958099604,0.7976301908493042,0.0
475,0.9441503882408142,0.03455955162644386,0.021290166303515434,0.0
476,0.9923644065856934,0.007536834105849266,9.875173418549821e-05,0.0
477,0.5697084069252014,0.43020099401474,9.051882807398215e-05,1.0
478,0.03235699608922005,0.967556893825531,8.610750228399411e-05,1.0
479,0.0783965140581131,0.8486775159835815,0.07292592525482178,0.0
480,0.999477207660675,0.0005228568916209042,1.4116595004054489e-08,0.0
481,0.9960105419158936,0.0020877851638942957,0.001901685376651585,0.0
482,0.0004243860312271863,0.003443089546635747,0.996132493019104,0.0
483,0.0014429751317948103,0.00033236443414352834,0.998224675655365,0.0
484,0.9925861954689026,0.007401150651276112,1.2699818398687057e-05,0.0
485,0.5423704385757446,0.4575258195400238,0.00010371285316068679,0.0
486,0.48221519589424133,0.5175918340682983,0.00019293968216516078,0.0
487,0.8770725727081299,0.03698065131902695,0.08594676107168198,0.0
488,0.9510169625282288,0.04896504431962967,1.791231261449866e-05,0.0
489,0.558540403842926,0.44112735986709595,0.0003322401607874781,0.0
490,0.9674032330513,0.0001004244404612109,0.03249627724289894,0.0
491,0.9572331309318542,0.04266497492790222,0.00010188157466473058,0.0
492,0.9988099336624146,0.001073378836736083,0.00011670111416606233,0.0
493,0.9818691611289978,0.009712687693536282,0.008418234065175056,0.0
494,0.00021146981453057379,0.9995312690734863,0.0002573358069639653,0.0
495,0.00022274407092481852,1.0294817911926657e-05,0.999767005443573,0.0
496,8.618283027317375e-05,0.9105874300003052,0.0893264189362526,0.0
497,7.435684892698191e-06,0.009679030627012253,0.9903135299682617,0.0
498,0.006576356012374163,0.993423581123352,1.197895027615914e-08,0.0
499,0.31555259227752686,0.6844472885131836,5.43885221304663e-08,0.0
500,0.9993853569030762,0.0006081829778850079,6.400906841008691e-06,0.0
501,0.9381418228149414,0.061479602009058,0.0003785872249864042,0.0
502,0.9977479577064514,0.002240401692688465,1.160869487648597e-05,0.0
503,0.9973897337913513,0.002610146999359131,1.4479230969755008e-07,0.0
504,0.9999953508377075,4.693446953751845e-06,1.520754216999265e-10,1.0
505,0.9964650869369507,0.0035348276142030954,1.651845451533518e-07,0.0
506,0.998336136341095,0.0016639473615214229,1.98195349021546e-09,0.0
507,6.580146418855293e-06,0.9999934434890747,1.7973983412744587e-09,0.0
508,0.1894715428352356,0.012373686768114567,0.7981548309326172,0.0
509,0.0017957600066438317,0.9981951117515564,9.109385246119928e-06,0.0
510,9.056113412952982e-06,0.9999796152114868,1.135723232437158e-05,0.0
511,0.9983617663383484,0.0005671005346812308,0.0010711423819884658,1.0
512,0.9959588646888733,0.002740768250077963,0.0013002895284444094,0.0
513,0.0005555884563364089,0.027723532170057297,0.9717208743095398,0.0
514,0.0035716921556741,0.9963472485542297,8.107362373266369e-05,0.0
515,0.9909250736236572,0.009040260687470436,3.455382466199808e-05,0.0
516,0.9728226661682129,0.0011670759413391352,0.026010263711214066,0.0
517,0.07750692963600159,0.9224916696548462,1.42219073495653e-06,0.0
518,0.7009028196334839,0.28332212567329407,0.015775099396705627,0.0
519,0.9748996496200562,0.02510010078549385,2.429972596473817e-07,0.0
520,0.9988186955451965,0.0011810706928372383,2.568282013726275e-07,1.0
521,0.987130343914032,0.012861518189311028,8.06414300313918e-06,0.0
522,0.9997385144233704,0.00022391315724235028,3.7512359995162115e-05,1.0
523,0.992552638053894,0.007447449490427971,1.560893458929513e-08,1.0
524,0.6509488224983215,0.3490508496761322,3.155057868298172e-07,1.0
525,0.0007911444408819079,0.050891924649477005,0.9483169913291931,0.0
526,0.9904828071594238,0.009517025202512741,1.3451274583076156e-07,0.0
527,0.001589300693012774,0.008392620831727982,0.9900181293487549,1.0
528,0.0008350116549991071,0.9991629123687744,2.138539002771722e-06,1.0
529,0.9270948171615601,0.07290131598711014,3.847104380838573e-06,0.0
530,2.1240637124719797e-06,0.9999924898147583,5.354811946745031e-06,1.0
531,0.03971574828028679,0.48075437545776367,0.4795299768447876,1.0
532,0.006599987391382456,0.9703925848007202,0.02300749532878399,1.0
533,0.03958554193377495,0.9604119658470154,2.4648379621794447e-06,1.0
534,0.0001574475027155131,0.9998424053192139,6.742922664670914e-08,1.0
535,4.398472447064705e-05,0.9985719919204712,0.001383999944664538,1.0
536,5.1353654271224514e-05,0.9936471581459045,0.006301451474428177,1.0
537,0.33730146288871765,0.07985437661409378,0.5828441977500916,1.0
538,0.05600520968437195,0.943509578704834,0.00048513474757783115,1.0
539,0.9381318688392639,0.061386823654174805,0.00048128748312592506,1.0
540,0.9914758205413818,0.00852100271731615,3.165525640724809e-06,1.0
541,0.9742512106895447,0.025468608364462852,0.00028013368137180805,1.0
542,0.0008109714835882187,0.9960961937904358,0.003092854516580701,1.0
543,0.0026943066623061895,0.9879653453826904,0.009340343996882439,1.0
544,4.3577791075222194e-05,0.9909529685974121,0.00900344830006361,1.0
545,2.0339739137398283e-07,0.0003489468072075397,0.9996508359909058,1.0
546,0.0008407325949519873,0.16299602389335632,0.836163341999054,1.0
547,0.00016882538329809904,0.9953218102455139,0.004509367048740387,1.0
548,0.38922733068466187,0.610731303691864,4.1362505726283416e-05,1.0
549,0.999512791633606,0.0004872183781117201,3.2640732339217493e-09,1.0
550,0.9997139573097229,0.0002860176027752459,1.1316189763022066e-08,1.0
551,0.06211402267217636,0.408040851354599,0.5298450589179993,1.0
552,0.9956795573234558,0.004320510197430849,3.573751516938728e-09,0.0
553,0.08074264973402023,0.9192572832107544,3.574199158862257e-09,0.0
554,0.9999995231628418,1.695089366648972e-07,4.1030065744962485e-07,1.0
555,0.37515220046043396,0.08577773720026016,0.5390700697898865,1.0
556,0.0010914169251918793,0.006506368052214384,0.992402195930481,1.0
557,0.05499742180109024,0.9450016021728516,9.810653409658698e-07,1.0
558,1.1610516594373621e-05,0.9999881982803345,1.9796090100498986e-07,1.0
559,1.9228718883823603e-06,0.9999980926513672,1.2106576185999529e-08,0.0
560,0.993513822555542,0.006485638674348593,4.85714963360806e-07,1.0
561,0.08881258964538574,0.9111871719360352,2.0545992640563782e-07,1.0
562,0.9958179593086243,0.004181931726634502,5.942514746948291e-08,1.0
563,0.9963650703430176,0.0036343629471957684,6.5198543097722e-07,0.0
564,0.9999963045120239,3.6942265069228597e-06,1.765799062525275e-08,1.0
565,0.00018584138888400048,0.9998142123222351,9.249519372644954e-09,1.0
566,0.0010172395268455148,0.9973113536834717,0.0016714830417186022,0.0
567,0.0043106684461236,0.9956874251365662,1.838266030063096e-06,0.0
568,7.589751476189122e-05,0.9999231100082397,9.947743819793686e-07,0.0
569,9.331494948128238e-05,0.999904990196228,1.7186439436045475e-06,0.0
570,0.12650690972805023,0.8734911680221558,1.923993522723322e-06,0.0
571,0.0023585001472383738,0.9967314004898071,0.0009100930765271187,1.0
572,0.0046398635022342205,0.9953473210334778,1.2847962352680042e-05,0.0
573,1.1034364394424401e-10,1.0,1.0328373711843142e-09,1.0
574,2.001164212117601e-08,1.0,1.1107479380711993e-08,1.0
575,0.6528363823890686,0.34716296195983887,6.3337546407638e-07,1.0
576,1.5890219629000057e-07,0.9999998807907104,9.657489030701072e-09,1.0
577,2.6980924872077594e-07,0.9999996423721313,1.1199574601050699e-07,1.0
578,1.1240034458737114e-09,1.0,7.670664797787552e-11,1.0
579,2.5384287027918617e-07,0.9999997615814209,1.1343241901329293e-08,1.0
580,1.334861554624922e-08,1.0,1.8620012198766744e-09,1.0
581,3.908005794528435e-07,0.9999994039535522,1.6769793376170128e-07,0.0
582,0.6622111201286316,0.33778882026672363,8.537249129858537e-08,0.0
583,1.627201163501013e-05,0.9999836683273315,4.657844665523214e-10,0.0
584,5.835145202581771e-06,0.9999938011169434,3.4839004570130783e-07,1.0
585,8.27155702154414e-07,0.9999990463256836,1.7911098382228374e-07,1.0
586,0.9896697402000427,0.010330012068152428,2.8294510912019177e-07,1.0
587,0.0002198180154664442,0.9997796416282654,5.272121370580862e-07,1.0
588,1.5255616744980216e-05,0.9999847412109375,8.12995171184383e-10,1.0
589,1.027195573044537e-08,1.0,2.1668955518805433e-09,1.0
590,2.437728685578122e-09,1.0,6.828516418977415e-09,1.0
591,2.7038882763008587e-05,0.999972939491272,1.502838564704234e-08,1.0
592,9.745551778905792e-07,0.9999990463256836,2.924666064885173e-11,1.0
593,0.12408962100744247,0.8759090304374695,1.374112343910383e-06,1.0
594,4.033930235891603e-05,0.9999597072601318,4.925182039983156e-09,1.0
595,0.0023369307164102793,0.9976626634597778,3.8227736354201625e-07,1.0
596,1.9487186864175499e-10,1.0,1.3133965026668193e-09,1.0
597,5.476236765389331e-05,0.9999440908432007,1.1383432365619228e-06,1.0
598,1.3502933597919764e-06,0.9999986886978149,7.58015428203862e-09,1.0
599,8.528432772436645e-06,0.9999560117721558,3.540092075127177e-05,1.0
600,5.914752364333253e-06,0.9999935626983643,5.798605116069666e-07,1.0
601,0.009879041463136673,0.9901013374328613,1.9564493413781747e-05,1.0
602,1.1609494094955153e-06,0.9999988079071045,3.0734046418956495e-08,1.0
603,1.5984089259291068e-05,0.9999809265136719,3.1100373689696426e-06,1.0
604,0.00018427404575049877,0.9998152852058411,5.148045261194056e-07,1.0
605,1.9262545265519293e-06,0.9999980926513672,3.093691747224625e-09,1.0
606,3.5214709441788727e-06,0.9999964237213135,8.71549832304197e-10,1.0
607,7.215022890250111e-08,0.9999998807907104,1.075565851660354e-12,1.0
608,0.016016962006688118,0.983983039855957,4.530310704353724e-08,1.0
609,4.1685889300424606e-05,0.9999582767486572,2.0344860018894906e-08,1.0
610,1.9953783976234263e-06,0.9999979734420776,8.578430410466353e-09,1.0
611,1.4435683759472795e-09,1.0,3.043613139297463e-10,1.0
612,4.119825916859554e-06,0.9999958276748657,9.633570385858548e-09,1.0
613,8.625648888482829e-07,0.9999986886978149,4.343515627169836e-07,1.0
614,2.4351367144959113e-08,1.0,4.67637661927256e-09,0.0
615,8.519239713677962e-07,0.9999985694885254,5.529624900191266e-07,1.0
616,0.0012382864952087402,0.9987612962722778,4.7293497118516825e-07,1.0
617,8.94598906597821e-06,0.9999909400939941,9.788257671061729e-08,1.0
618,8.493510783580405e-09,1.0,7.390995371281406e-09,1.0
619,0.00776819558814168,0.9922299981117249,1.8268565327161923e-06,1.0
620,0.0016837867442518473,0.99831223487854,4.033759068988729e-06,1.0
621,3.690540324896574e-05,0.9999626874923706,3.6579112361323496e-07,1.0
622,8.098191756289452e-06,0.9999918937683105,3.4055478437267084e-08,1.0
623,0.0008260783506557345,0.9991737008094788,1.9737944967346266e-07,1.0
624,3.09722918245825e-06,0.9999967813491821,7.776139909765334e-08,1.0
625,0.5748540163040161,0.42513760924339294,8.370534487767145e-06,1.0
626,4.4113352487329394e-05,0.9999556541442871,2.1113419279572554e-07,1.0
627,0.0001031886349665001,0.9998964071273804,4.4667021370514703e-07,1.0
628,1.957938593477593e-06,0.9999964237213135,1.653509798416053e-06,1.0
629,3.478226773268034e-08,1.0,3.0667474115730897e-10,1.0
630,9.585871339368168e-06,0.9999879598617554,2.445624659230816e-06,1.0
631,0.995368242263794,0.0043440330773591995,0.00028770853532478213,0.0
632,0.9993270635604858,0.000672719266731292,2.4067543336059316e-07,0.0
633,0.9999865293502808,1.3181159374653362e-05,2.497825732916681e-07,0.0
634,4.686610211024345e-09,0.30879437923431396,0.6912056803703308,2.0
635,1.1091663004725305e-10,0.0012400830164551735,0.9987599849700928,2.0
636,8.985600041810926e-10,7.505034318455728e-07,0.9999992847442627,2.0
637,3.839565674492465e-16,5.484334232412624e-13,1.0,2.0
638,0.000288839713903144,0.6413133144378662,0.35839787125587463,2.0
639,1.1768909631559854e-11,1.1121019660720322e-09,1.0,2.0
640,3.1459977851977516e-12,8.85143247586484e-09,1.0,2.0
641,2.3265928073001874e-10,5.2550067408674295e-08,1.0,2.0
642,0.00032635079696774483,0.014456982724368572,0.9852166175842285,2.0
643,4.449597225506148e-14,1.763177971680907e-11,1.0,2.0
644,1.1027233085769694e-05,0.7296377420425415,0.27035123109817505,2.0
645,8.027549291966807e-09,1.7158994523924775e-05,0.9999828338623047,2.0
646,8.648668586852537e-12,9.871646966530534e-08,0.9999998807907104,2.0
647,7.022643100720871e-13,4.944921805360991e-09,1.0,2.0
648,1.9581877081214366e-16,3.807282180495752e-12,1.0,2.0
649,1.2037998365060226e-13,3.160857131589978e-10,1.0,2.0
650,5.518430157280818e-09,1.358615918434225e-06,0.9999986886978149,2.0
651,6.642002503147492e-15,1.9499984580621105e-13,1.0,2.0
652,1.6757391720244514e-15,4.8569658711583585e-11,1.0,2.0
653,3.4434444184938684e-09,4.0127410727563984e-08,1.0,2.0
654,3.661603575818304e-15,1.370024319685692e-12,1.0,2.0
655,2.6646836204236024e-07,0.9999997615814209,1.3964598574722764e-11,1.0
656,1.2492928362917155e-06,0.9999970197677612,1.7267013845412293e-06,1.0
657,2.3209404389490373e-06,0.9999841451644897,1.353628067590762e-05,1.0
658,1.3068660109638586e-06,0.9999986886978149,9.250343602218436e-09,1.0
659,0.005586382932960987,0.9944085478782654,5.0587709665705916e-06,0.0
660,2.3270962401511497e-07,0.9999994039535522,3.4953751537614153e-07,1.0
661,8.419852383667603e-05,0.9999157190322876,4.220937199761465e-08,1.0
662,0.00030835854704491794,0.999691367149353,2.836206931533525e-07,1.0
663,1.9566656192182563e-05,0.9999797344207764,6.690196983072383e-07,0.0
664,0.0012323568807914853,0.9984467625617981,0.00032089781598187983,0.0
665,0.9925810098648071,0.007312414236366749,0.00010666951129678637,1.0
666,0.945118248462677,0.05402659997344017,0.0008551000501029193,1.0
667,0.8004074096679688,0.198992058634758,0.0006005505565553904,1.0
668,0.8859907984733582,0.11318402737379074,0.0008251756080426276,1.0
669,2.4996956199174747e-05,4.104041636310285e-06,0.9999709129333496,2.0
670,0.0016419613966718316,0.002636507386341691,0.9957214593887329,2.0
671,0.0026603825390338898,3.001178993145004e-05,0.997309684753418,1.0
672,5.277256786939688e-05,0.0007016300223767757,0.9992456436157227,2.0
673,0.8142549395561218,0.07854242622852325,0.10720266401767731,2.0
674,0.20920699834823608,0.010358127765357494,0.780434787273407,2.0
675,1.2256215995876119e-05,1.5560408428427763e-06,0.9999861717224121,2.0
676,1.4735222976014484e-05,0.9905813932418823,0.009403891861438751,0.0
677,4.5134322711540276e-13,2.8603346891031833e-07,0.9999997615814209,0.0
678,0.9757006764411926,0.0224356260150671,0.0018637311877682805,2.0
679,4.954753194397199e-07,0.999982476234436,1.7067952285287902e-05,1.0
680,3.350698170834221e-05,7.232947973534465e-05,0.9998941421508789,2.0
681,2.7075090433537063e-11,2.0228577923830926e-08,1.0,1.0
682,0.0027237492613494396,0.9972758889198303,3.863213748900307e-07,2.0
683,0.01862679235637188,0.9773386120796204,0.004034610465168953,2.0
684,0.3513316512107849,0.6385443210601807,0.010123969987034798,2.0
685,0.03607241064310074,0.9636355042457581,0.00029203773010522127,2.0
686,8.914077115340646e-11,5.423760551792611e-09,1.0,2.0
687,0.09730836004018784,0.13577064871788025,0.7669209837913513,2.0
688,2.1105760694695164e-08,1.3761859918304253e-05,0.9999862909317017,2.0
689,0.0019359108991920948,0.00012638473708648235,0.9979377388954163,2.0
690,2.6479616280994378e-05,7.312567322514951e-05,0.9999004602432251,2.0
691,0.0013594988267868757,0.7466847896575928,0.2519557476043701,2.0
692,3.8680074254671126e-08,1.473551606068213e-06,0.9999985694885254,1.0
693,0.9791633486747742,0.01410726085305214,0.006729280110448599,2.0
694,7.369587547145784e-05,0.0022798834834247828,0.9976463913917542,2.0
695,0.0012572986306622624,0.6388299465179443,0.3599127531051636,2.0
696,7.572954200441018e-05,0.0014203420141711831,0.9985039234161377,2.0
697,0.031589679419994354,0.8237923383712769,0.1446179747581482,2.0
698,0.0019417882431298494,0.0017977949464693666,0.996260404586792,2.0
699,0.0003827462496701628,0.8207399845123291,0.17887720465660095,2.0
700,0.9913365840911865,0.007629061583429575,0.0010344445472583175,2.0
701,0.9993966817855835,0.0005262958002276719,7.697737601120025e-05,2.0
702,0.04416043683886528,0.9267938733100891,0.029045622795820236,2.0
703,0.00011635119881248102,0.977053701877594,0.022829949855804443,2.0
704,0.08300816267728806,0.9141305685043335,0.0028612357564270496,2.0
705,0.6795332431793213,0.3101855218410492,0.01028127409517765,2.0
706,0.003803412662819028,0.11116275936365128,0.8850337862968445,2.0
707,0.987636148929596,0.011624081060290337,0.0007397810113616288,2.0
708,0.4835893213748932,0.5145410299301147,0.0018695767503231764,2.0
709,0.5580966472625732,0.4393814206123352,0.0025219637900590897,2.0
710,0.10869479924440384,0.8912976980209351,7.454555088770576e-06,2.0
711,0.23481985926628113,0.7651765942573547,3.568026386346901e-06,2.0
712,6.663230124104302e-06,0.9999933242797852,3.134072168453628e-11,2.0
713,0.00046720297541469336,0.9926866292953491,0.00684620626270771,2.0
714,0.02318325825035572,0.973405122756958,0.0034115419257432222,2.0
715,0.009658332914113998,0.006548718083649874,0.9837928414344788,2.0
716,2.205519962217295e-07,2.3765149308019318e-05,0.9999760389328003,1.0
717,0.5543182492256165,8.499249815940857e-05,0.44559672474861145,2.0
718,0.9978522062301636,0.002147853607311845,3.7238816474882697e-09,2.0
719,0.9999700784683228,2.1263660528347827e-05,8.678393896843772e-06,2.0
720,0.8052603602409363,0.19403518736362457,0.000704464502632618,1.0
721,6.663527165073901e-05,0.9999315738677979,1.8158743841922842e-06,1.0
722,0.423207551240921,0.5767894387245178,3.0258083825174253e-06,2.0
723,0.9673553705215454,0.03262251988053322,2.2106045435066335e-05,2.0
724,0.9998098015785217,0.00018768326845020056,2.512900209694635e-06,2.0
725,0.16852641105651855,0.8265055418014526,0.004968010354787111,2.0
726,0.6530977487564087,0.34685182571411133,5.047551530878991e-05,2.0
727,0.9925676584243774,0.007396722678095102,3.562005076673813e-05,2.0
728,0.9998070597648621,0.00019281156710349023,1.3007428378841723e-07,2.0
729,0.9961888194084167,0.003808828769251704,2.3454938400391256e-06,2.0
730,0.1920025497674942,0.8079943060874939,3.216282948415028e-06,2.0
731,0.4522620439529419,0.547653079032898,8.487620652886108e-05,2.0
732,0.7590512037277222,0.240928515791893,2.030403084063437e-05,2.0
733,0.9998469352722168,0.0001530536828795448,4.2884778395091416e-08,2.0
734,0.999996542930603,3.4321924431424122e-06,1.1211908734765075e-08,2.0
735,0.9999402761459351,5.905377838644199e-05,7.01205976838537e-07,2.0
736,0.2982074022293091,0.7017913460731506,1.2537523161881836e-06,2.0
737,0.9841018319129944,0.015898078680038452,7.241187915951741e-08,1.0
738,0.9999996423721313,3.2683459494364797e-07,1.909675750866313e-09,1.0
739,0.9999271631240845,7.288484630407766e-05,3.25816174040483e-08,2.0
740,0.9908656477928162,0.009134416468441486,3.5320773861258203e-08,2.0
741,0.9998995065689087,0.00010051175195258111,6.718001266392548e-09,2.0
742,0.999996542930603,2.1227479010121897e-06,1.2540396028271061e-06,2.0
743,0.9999855756759644,1.4318564353743568e-05,8.010872676322833e-08,1.0
744,0.9999985694885254,1.3276219306135317e-06,9.190797811697848e-08,2.0
745,0.6700884103775024,0.31604522466659546,0.013866378925740719,2.0
746,0.9412360191345215,0.05195708945393562,0.006806839257478714,1.0
747,0.9999880790710449,6.620230408316274e-08,1.1770365745178424e-05,2.0
748,0.9999997615814209,5.315245639458954e-12,2.3377050695216894e-07,2.0
749,1.0,6.461028001676639e-13,5.796145785552653e-10,0.0
750,3.435300399701191e-08,0.4141850769519806,0.585814893245697,2.0
751,1.3418936184450558e-08,4.255958992871456e-05,0.9999574422836304,1.0
752,7.89256162647689e-08,7.396870387310628e-07,0.9999991655349731,2.0
753,7.137374069543512e-08,8.195798727683723e-05,0.9999178647994995,2.0
754,0.9999697208404541,1.2126750448260282e-07,3.0188071832526475e-05,1.0
755,0.0012980775209143758,0.060741204768419266,0.9379607439041138,1.0
756,0.747715950012207,0.0878666490316391,0.16441740095615387,1.0
757,0.0032786272931843996,0.9966789484024048,4.2400191887281835e-05,1.0
758,0.003212626790627837,0.007761682849377394,0.9890257716178894,0.0
759,0.7256369590759277,0.2743626534938812,3.395990404442273e-07,1.0
760,0.9999765157699585,2.180711817345582e-05,1.675298562986427e-06,0.0
761,0.9999996423721313,3.0980191922935774e-07,5.766946475915802e-09,1.0
762,1.0,4.902052985755745e-09,4.5269569343142635e-11,0.0
763,0.969150960445404,0.030826818197965622,2.2328253180603497e-05,1.0
764,8.000707794053596e-07,7.80793314447692e-08,0.9999990463256836,2.0
765,9.431325906916754e-07,2.0862382825725945e-06,0.9999969005584717,2.0
